,labels,pred
9388,0,0
11033,0,0
26719,0,0
1310,0,0
39357,0,1
14282,0,0
38085,0,0
5647,1,1
19544,0,0
12651,0,0
17844,1,1
13196,0,0
10264,0,0
13470,0,0
27375,0,0
7849,1,1
14405,0,0
13927,0,0
23193,1,0
29666,0,0
34290,1,1
1248,0,0
28657,0,0
37169,0,0
34486,0,0
37952,0,0
34442,0,0
6135,0,0
34863,0,1
12897,0,0
35196,0,0
16559,0,0
39961,0,0
317,0,1
32974,0,1
16582,0,0
2065,0,0
35485,0,0
38813,0,0
32400,0,0
35088,0,1
15654,0,0
32794,0,0
30469,0,1
36661,0,0
25420,0,0
29796,0,1
30363,0,1
12663,0,0
1532,1,0
34455,0,0
38740,0,0
207,0,0
14876,1,1
31100,1,0
13653,0,0
19458,0,0
38407,0,1
35061,0,0
36273,0,1
5134,1,1
27192,0,0
19280,1,1
248,0,1
10616,0,0
13844,0,0
31962,0,0
18049,0,1
34936,1,1
30303,1,1
33078,0,1
26815,0,0
19870,0,0
22409,1,1
19416,0,0
20512,0,1
35816,1,0
8572,1,1
37310,0,0
38238,0,0
26397,1,1
30711,0,0
25824,0,0
28462,0,0
6115,0,0
18819,1,0
38768,0,0
11879,1,1
35765,0,0
11675,0,0
14956,0,0
27909,0,0
21967,1,1
19599,0,0
37386,0,1
31475,1,1
32403,0,0
5224,0,0
28126,0,0
1970,0,0
38994,0,0
7773,0,0
5201,1,1
20237,0,0
13159,0,0
5827,0,0
11656,0,0
3880,0,0
16162,1,1
28636,0,0
20948,0,0
13911,0,0
164,1,1
22358,0,0
17047,0,0
7697,0,0
17618,0,0
33743,0,0
24463,1,0
14578,0,0
18872,0,0
13883,0,0
27398,0,1
3968,0,0
23266,0,0
11139,0,0
6415,0,1
37158,0,0
34349,0,0
8312,0,0
9269,0,0
14844,0,1
32179,0,1
18387,0,1
38212,1,0
36864,0,0
5623,0,0
7958,0,0
21304,0,0
18734,1,1
10210,1,1
27495,0,1
256,1,1
26940,0,0
32840,1,0
16999,0,0
28831,0,1
18489,0,1
35613,1,1
20077,0,0
37465,0,0
34954,0,0
28578,0,0
6762,0,0
2751,0,0
35512,0,0
36331,0,0
13943,0,0
24733,1,0
7246,0,0
6311,0,0
24896,0,0
29214,0,0
18788,0,0
2084,0,0
32736,0,0
8642,0,0
922,0,0
28940,0,0
3554,0,0
39750,0,0
32317,0,0
20089,0,0
19923,0,1
22779,0,0
38362,0,1
23220,0,0
28413,0,0
31695,0,0
14698,0,0
11575,0,0
35788,0,1
7097,0,1
24326,0,0
1553,0,0
4372,1,1
31768,0,1
23905,0,0
7588,0,1
4425,0,0
5592,0,1
10206,0,0
11445,0,0
10873,0,0
1027,0,0
16619,1,1
32950,0,0
21606,0,0
6065,0,0
32697,1,1
1334,0,0
8446,0,0
9510,1,0
18595,0,0
20994,0,0
8304,1,1
14356,0,1
23594,0,0
8877,0,0
5755,0,0
13505,0,1
20457,0,1
19885,0,0
14760,0,0
14772,0,0
20090,0,0
36167,0,0
23731,0,0
20494,0,1
27299,0,0
706,0,1
20639,0,1
225,0,0
8722,0,0
27882,0,0
22855,0,1
24117,0,0
32378,0,0
26541,1,0
38188,0,0
16904,0,0
7848,1,1
31995,0,0
33152,0,1
16003,0,0
19602,0,0
3302,0,0
30222,0,0
22124,0,1
8213,0,0
11811,0,0
13060,0,0
20376,0,1
10625,0,0
10615,0,0
34572,0,0
38460,0,1
11658,0,0
39373,0,1
3834,0,0
3122,0,0
24235,0,1
24563,0,0
32478,1,1
28624,0,0
31817,0,0
12250,0,0
35392,0,0
12607,0,0
26882,0,0
30129,0,0
8460,0,0
18521,0,0
26693,0,1
1457,0,1
10326,0,0
16190,1,0
33165,0,0
37125,0,0
2589,0,0
240,0,0
24486,0,0
1556,0,0
2408,0,0
24359,0,0
21115,0,0
21215,0,0
31253,0,0
22026,0,0
23112,0,0
26991,0,0
4671,0,0
7336,0,0
14896,0,0
1069,0,0
32958,0,0
38868,0,0
5817,0,0
36447,0,0
35745,0,1
25692,0,0
24969,1,0
8029,0,0
35691,0,0
26597,0,0
10370,0,0
30386,0,0
26477,0,1
29305,0,0
23910,0,0
34847,1,0
39675,1,1
29055,0,0
36900,0,0
37934,0,0
2296,0,0
14144,0,0
7042,0,0
25372,0,0
20325,0,0
14294,1,0
38743,1,0
35026,0,0
19358,0,0
39512,0,1
20247,0,0
18196,0,1
30238,0,0
13176,0,0
16997,0,1
35195,1,0
36766,0,0
30398,0,0
39959,0,0
14587,0,0
39124,0,0
21941,0,0
7200,0,1
33728,0,0
11368,0,0
38137,0,0
31234,1,0
22175,0,0
24895,0,1
37076,0,1
36233,0,0
28040,0,1
7660,0,0
33535,0,0
17099,0,1
2439,0,1
19492,0,0
36674,0,0
10476,0,0
37443,0,0
18120,0,0
16843,1,0
35887,0,0
7541,1,0
37832,0,0
38283,0,0
3645,1,0
28630,0,0
16341,0,0
9183,0,0
17341,0,0
7490,0,0
34993,1,0
34626,0,1
39956,0,1
24113,0,1
29023,0,0
34141,0,1
23470,0,0
22005,0,0
28028,0,0
4347,0,0
25334,0,0
28786,0,0
38629,0,0
22546,0,0
11579,0,1
19156,0,0
5627,0,0
157,0,1
32763,0,0
5069,0,0
38860,0,0
29024,0,0
15790,0,0
36064,0,1
12442,0,0
13418,0,1
11781,0,0
12805,0,0
17611,0,0
13456,0,0
19292,0,0
38274,0,1
17728,0,0
37878,0,0
14018,1,0
18971,0,0
13803,0,0
36416,0,0
19759,0,1
22809,0,0
21883,0,0
5252,0,0
29480,0,0
15533,0,0
31531,0,0
5664,0,1
6472,0,0
16593,0,0
15360,0,0
39279,0,0
24427,0,0
39694,0,0
37784,0,1
8602,0,0
4013,1,0
7396,0,0
36536,0,0
12848,0,0
10537,0,0
8256,0,0
10242,0,0
10741,0,0
6720,0,1
28007,1,1
23117,1,1
24206,0,0
23720,0,1
1800,0,0
7488,0,0
37223,0,1
33986,0,1
33788,0,1
36297,0,1
4820,1,0
29588,0,0
16362,0,0
7575,0,1
8637,0,0
39872,0,0
33335,0,1
36990,0,0
19861,0,0
37911,0,0
239,0,0
27732,0,0
15598,0,0
116,0,0
39317,0,0
3357,0,0
1827,0,1
13251,1,1
34443,0,0
28034,0,1
26460,0,1
10227,0,0
7593,1,1
31150,0,0
25050,1,1
26837,0,0
3943,1,1
4235,0,0
36651,0,1
6539,0,1
35968,0,0
39678,0,1
36877,0,0
35659,0,0
19082,1,0
13197,0,1
39473,0,0
4346,1,1
3751,0,0
2227,0,1
6791,1,1
18280,0,0
24287,0,0
19081,0,0
4211,0,0
16423,1,0
12639,1,0
9283,0,0
1038,0,1
9254,0,0
25685,0,1
12408,0,0
20929,0,0
17243,0,0
36731,0,0
7675,0,0
37032,0,0
11100,0,1
11424,0,0
24676,0,1
3365,0,1
14584,0,0
27641,0,0
5315,0,0
33479,1,0
19810,0,1
21003,0,0
29787,0,0
37371,0,1
26907,0,0
21346,0,1
35353,0,0
21190,0,0
29483,0,1
13143,0,1
10858,0,0
6248,0,1
1388,0,0
34723,0,0
29274,1,1
15618,1,0
12069,1,1
10196,0,0
8497,1,1
8896,0,1
37742,0,0
22680,1,1
32745,0,1
12793,0,0
34525,0,0
7300,0,1
5340,0,0
24657,0,0
789,0,0
30411,0,0
27784,1,1
24473,0,0
34732,0,1
17771,0,1
6946,0,0
12147,0,0
17779,0,1
37777,0,1
19653,0,0
34203,0,0
36103,0,0
11894,1,0
23444,1,1
5306,0,1
11483,0,1
14156,0,0
938,0,0
8354,0,0
14577,0,1
18926,1,0
39483,1,0
11934,0,0
14070,0,1
12222,0,0
21234,0,0
13532,0,0
14616,0,0
10378,0,0
6779,0,0
31551,1,1
20375,0,0
29038,1,0
31680,0,0
1723,1,0
30785,1,1
3950,0,0
12336,1,1
33701,0,1
28789,0,0
31470,0,0
25637,0,1
37864,0,0
36974,1,0
9228,0,0
8270,0,0
24272,0,1
16405,0,0
36327,1,0
32602,0,1
30295,0,0
3905,0,0
1905,0,0
38255,0,0
35845,0,0
27462,0,1
9161,1,0
38748,0,0
25076,0,0
8886,0,0
26083,0,0
30414,0,0
15274,0,0
23806,0,0
3890,0,0
5319,0,0
12920,0,0
31796,0,0
20088,0,0
17506,0,1
862,0,0
12082,0,0
13219,0,0
25695,0,0
35081,0,0
31197,0,0
26833,0,1
31308,0,0
16885,0,1
22239,0,0
35891,0,0
26892,0,1
11036,0,0
8335,1,0
11356,0,0
24776,1,0
29358,0,0
2733,1,0
16343,0,0
13626,0,1
23560,0,0
21516,1,0
38816,1,1
27875,0,0
12758,0,0
35347,0,0
38386,0,1
7927,0,0
28808,0,1
11058,0,0
26671,0,0
39942,0,0
33321,0,0
1113,0,0
39434,0,1
22533,0,0
31616,0,0
29324,0,0
1348,1,0
10693,1,1
31694,1,1
18682,0,1
24102,0,0
30280,0,1
32309,0,0
36325,0,0
19312,0,0
13787,0,1
30263,0,1
13583,0,0
21492,0,1
32330,1,0
29582,0,0
16625,0,0
34264,0,0
20414,0,1
8671,0,0
5907,0,0
22020,0,0
33978,1,0
20897,1,1
26599,0,0
36149,1,1
12765,0,0
5207,1,0
20540,0,0
13232,1,0
15150,0,0
2192,0,0
18594,0,0
12175,0,0
7512,0,0
7036,0,1
18514,0,0
13902,1,1
36973,0,1
10335,0,0
14268,1,0
35749,1,1
31195,0,0
5062,0,0
5418,0,0
31876,1,0
20467,1,1
9800,1,0
24007,0,0
36363,0,0
27724,0,0
29153,0,0
11834,0,0
32716,0,1
39471,0,0
27477,0,0
15973,0,0
39397,0,1
3432,0,0
25857,0,0
30354,0,0
9395,0,0
34641,0,0
31354,0,0
8855,1,1
38457,0,0
24319,0,1
26776,0,0
27811,0,0
21944,0,0
4859,1,0
15530,0,1
1915,0,1
3188,0,0
17796,0,0
3925,0,0
38731,1,0
295,0,0
140,1,0
7850,0,0
35757,1,0
34160,0,1
4798,0,0
27440,0,1
14253,0,0
33537,0,0
32611,0,0
14366,0,0
36106,0,1
7780,0,0
4938,1,1
30481,0,1
30270,0,0
17947,0,0
39486,0,0
6140,0,0
17823,0,1
16419,1,0
11861,0,0
10807,0,0
28181,0,0
500,0,0
11146,0,0
29751,1,0
4942,0,0
19795,0,0
601,0,0
5767,0,0
26396,0,0
23330,0,0
29213,0,0
27939,0,1
914,1,1
25906,1,0
22073,0,0
19030,0,0
33816,0,0
37126,0,1
19562,0,1
5973,1,1
21088,0,0
13238,0,0
7448,0,1
1179,1,1
13977,0,0
4992,1,0
10820,1,1
30963,0,0
23684,0,0
5595,0,1
10140,1,1
15126,0,0
3204,0,0
37961,0,0
14846,0,0
14659,1,1
35712,0,0
11078,0,0
38558,0,1
7813,0,0
24069,0,0
21859,0,1
38652,0,1
29345,0,0
38408,0,0
8531,1,1
36257,0,0
3456,0,0
7369,0,1
20989,0,0
29541,0,0
10806,1,1
31855,0,0
34334,0,0
35328,0,0
8922,0,0
5087,0,0
29101,0,0
9518,0,1
9128,1,0
38429,0,0
16244,0,0
14354,0,0
33020,0,0
37294,0,0
29620,0,0
39457,0,0
35212,1,0
5178,1,1
35302,0,0
14851,0,0
21126,0,0
2151,1,0
4480,0,0
24784,0,0
32333,0,1
37375,0,1
6279,0,0
14488,0,0
13254,0,0
16859,0,0
28933,1,1
9031,0,0
15072,0,1
26607,0,0
39185,0,0
20495,0,1
1811,0,0
34971,0,0
26386,0,0
34235,1,1
32389,0,0
25117,0,0
5132,0,0
15632,1,0
39155,0,0
35037,0,0
26262,1,1
12950,0,1
15280,0,0
12692,0,1
37857,0,0
386,0,0
14719,0,0
28387,0,0
36290,0,0
33891,0,1
16473,0,0
21730,0,1
35163,1,1
35536,0,0
25785,0,0
23462,0,0
28345,0,0
31776,0,0
13938,0,0
26399,0,0
17619,0,0
27508,0,0
38000,0,0
28860,1,1
25744,0,1
32276,0,1
1619,0,0
39581,0,0
4404,0,0
8036,0,1
37444,0,1
13856,0,0
24845,1,1
12729,0,0
24232,0,1
23388,0,0
11240,0,0
778,0,0
37886,0,0
20069,0,1
30983,0,0
5345,0,0
19266,0,1
2701,1,1
11629,0,1
306,1,1
23078,0,1
8122,0,1
35940,0,1
39321,0,1
28366,1,0
34819,0,0
11504,0,0
20076,0,0
30276,0,1
32396,0,0
35767,0,0
24967,0,0
24124,0,0
21597,0,0
16088,0,1
26766,0,0
2194,0,0
18567,0,1
35876,0,1
36643,0,0
38229,1,1
37107,0,0
35947,0,0
27786,1,1
4750,0,1
16973,0,0
39468,0,0
5915,0,0
28773,0,0
34844,0,0
27755,0,0
14316,0,1
11098,1,0
8185,0,0
8100,0,1
4457,0,1
29978,0,0
35537,0,0
31188,0,0
16835,0,1
1255,0,0
21405,0,0
17288,0,0
12842,0,0
31725,0,0
7139,1,1
7222,1,1
23123,1,1
32738,1,0
3792,0,0
33103,0,0
23068,0,0
24325,0,1
4863,0,1
6815,1,1
36428,1,0
8611,0,0
20899,0,1
33438,0,0
4968,0,0
28672,0,0
12228,1,0
698,1,1
16471,1,0
5848,0,0
10646,0,1
34423,0,1
33751,1,0
6635,0,0
902,0,0
35846,0,1
14273,1,0
37997,0,0
14507,0,0
17086,0,0
17901,0,0
20590,0,1
2953,1,1
36389,0,0
11096,0,0
28734,0,0
16996,0,1
26114,0,1
13311,0,0
36579,0,0
25606,0,0
7597,0,0
13690,0,0
695,0,0
20832,0,0
19651,1,0
12155,1,1
26248,0,0
8797,0,1
246,0,0
39425,0,0
31913,0,0
27433,0,1
36495,0,0
5791,0,0
19165,0,0
19643,1,1
29902,0,1
28265,0,0
13233,0,0
10472,1,1
19755,0,1
14150,0,0
34619,1,0
22499,0,0
11241,1,1
12455,0,0
3087,0,1
7591,0,0
30594,0,1
39954,0,0
23059,0,0
22133,0,0
23246,1,1
12158,0,0
38609,0,0
12899,0,1
3106,0,0
7357,0,0
16480,0,0
34341,0,0
14776,0,1
25196,0,0
11247,0,0
18438,0,0
2677,0,0
21063,0,0
39975,0,0
19504,0,0
12106,0,1
28994,1,0
25090,0,1
24954,0,0
16814,0,1
7180,0,0
11783,0,0
29556,0,1
25077,0,0
1773,0,1
24071,0,1
24509,0,1
19140,0,1
27049,0,0
11066,1,0
36210,0,0
25537,0,0
22111,1,0
16290,0,1
19452,0,1
1951,0,0
21958,0,0
7919,0,0
18583,1,0
30426,0,0
31472,0,1
24407,0,1
5227,0,0
5427,0,0
23172,0,0
8369,0,0
16229,0,0
33944,0,0
36470,0,0
20296,0,0
37284,0,0
26074,1,1
2981,0,0
8288,0,0
13246,0,1
19586,1,1
1793,1,0
31468,0,0
38412,0,0
28670,0,0
33584,1,1
27878,0,0
36010,0,0
23137,0,0
4354,0,0
3851,0,0
29124,0,0
21729,0,0
31302,0,0
20324,0,1
20959,1,1
32648,0,0
23497,1,1
34578,0,0
25078,0,0
29819,0,1
26080,0,0
13030,0,0
17775,0,0
3071,0,1
20085,0,0
5696,0,0
9013,0,1
20111,0,0
11254,1,0
36755,0,0
19844,0,0
14478,1,1
25560,1,1
16881,0,0
15158,0,0
17881,0,1
14521,0,1
29993,0,0
21077,0,1
14895,0,1
2496,0,0
39706,0,0
11252,0,0
36835,0,0
26214,0,0
31203,0,0
18289,0,1
39017,1,0
14996,0,1
21848,0,0
17070,0,0
36949,0,0
14502,0,0
26194,0,0
31138,0,0
18954,0,0
33893,0,0
26660,0,1
6555,0,0
36888,0,0
22604,0,0
5560,0,0
23574,0,0
36709,0,0
34132,0,0
16390,0,0
33847,0,0
7982,0,0
15850,0,0
29296,1,0
5656,0,0
21970,0,0
28313,0,1
23626,1,0
9955,0,0
35361,0,0
19243,0,0
31639,0,0
22277,0,0
17763,0,0
7262,0,0
4957,1,0
7208,0,0
29273,1,0
37815,0,1
14242,0,0
12309,1,0
15660,0,0
8051,0,0
19154,1,0
12079,1,1
19744,1,0
9573,0,0
13277,0,0
38898,0,0
29550,1,1
19578,0,1
39983,0,0
29655,0,0
15799,0,0
26964,0,0
2376,0,1
20831,0,0
29984,0,0
18589,0,0
5005,0,1
10981,0,1
24926,0,0
35663,0,0
14164,1,1
10994,0,1
33193,0,0
34613,0,0
39484,0,0
24016,0,1
3108,0,0
38453,0,1
33287,0,1
17429,0,0
13862,0,0
34948,0,0
10486,0,0
36715,0,0
1762,0,0
35714,0,0
39588,0,0
15239,0,1
4291,0,1
34083,0,0
18597,0,0
34940,0,1
12418,1,1
23216,0,0
213,1,1
37601,1,1
37763,0,0
39382,0,0
29850,0,0
29730,0,0
28178,0,0
34558,0,0
1851,1,1
39503,0,0
10594,0,0
15791,0,0
24942,1,1
640,0,0
8313,0,1
35784,0,0
34248,1,0
20443,0,0
25350,0,0
19560,1,0
10794,0,0
27861,0,0
3831,0,0
22638,0,0
20574,0,1
3434,1,1
5495,0,0
16312,0,0
3580,0,1
6359,0,1
18513,1,0
10405,0,1
22654,0,0
12672,0,0
6056,1,0
35445,0,0
18573,1,1
32595,0,0
37011,1,1
13385,0,1
19327,0,0
2317,0,0
14530,0,0
24304,0,0
19825,0,0
13710,0,0
7345,1,0
32458,0,0
8079,0,0
22814,0,0
2330,0,0
22068,0,0
3105,0,0
23270,0,0
34752,0,1
24984,0,0
29253,0,0
20485,0,1
6351,0,0
24901,0,0
19700,0,0
13563,0,0
6223,0,0
19105,0,0
7433,0,1
13473,1,0
4338,0,0
8880,1,1
11181,1,1
7195,0,1
6543,0,0
28970,0,0
38765,0,1
29925,0,0
2575,1,1
14211,0,0
13736,0,0
21029,0,0
39734,1,1
564,0,0
21152,0,0
22483,0,1
11201,0,0
27809,0,0
35605,1,1
17781,1,0
27510,0,0
31394,1,1
24626,0,1
2362,0,0
16715,0,0
18404,0,1
17085,0,0
33815,0,0
24044,0,1
8691,0,0
24837,0,0
37894,0,0
37926,0,0
3740,1,1
34437,0,0
22210,0,0
4971,0,0
26633,0,0
5448,0,0
10046,0,1
21363,1,1
34842,0,0
11336,0,0
1980,0,0
33641,0,0
5050,0,0
13326,0,0
19657,0,0
37931,0,0
38965,0,0
14673,0,0
38769,0,0
33959,0,0
38416,0,1
22992,0,0
8345,1,0
3509,0,0
6184,0,0
5738,0,0
5840,0,0
940,0,0
8977,1,1
35566,1,1
35097,0,0
33933,0,0
34915,0,0
293,0,1
13974,0,0
35579,0,0
3840,0,0
21013,0,0
23366,0,0
23176,0,0
3151,0,0
29632,0,1
27280,0,0
15612,0,0
3766,0,1
14257,0,0
12785,0,0
7138,0,0
35383,0,0
27997,0,0
35029,0,0
29030,0,0
2809,0,0
21636,0,0
805,0,1
25798,0,0
39801,1,0
35214,0,1
4301,0,1
18979,1,1
18086,0,0
21801,0,0
1022,0,0
17212,0,0
671,0,0
11819,0,1
22538,0,0
37630,0,0
3537,0,0
36679,0,0
29479,0,1
9039,0,0
5919,0,0
13054,0,0
34945,0,1
10623,0,0
20040,0,0
25133,0,1
4856,0,1
7567,0,1
11388,0,0
29333,0,0
29073,0,0
29084,0,0
19256,1,1
9918,0,0
16660,0,0
28565,0,0
24873,1,0
6450,0,0
22652,1,1
20075,1,1
27190,0,0
8118,0,0
30381,0,0
3215,1,1
34128,0,0
35201,0,0
39330,0,1
8961,0,0
29471,0,1
5089,0,1
22503,0,1
29932,0,0
18778,0,0
18112,0,0
38189,0,0
18810,0,0
21184,0,0
32529,0,0
22304,0,0
26620,1,0
6468,0,0
15044,1,0
14435,1,0
19926,1,1
27121,0,0
19625,0,0
22362,0,1
21045,0,0
19831,0,0
20877,0,1
39628,0,0
6382,0,0
22515,0,0
3098,0,0
21287,0,0
39327,0,0
13495,0,0
4237,1,1
5317,0,0
13356,0,1
5010,0,0
3992,0,1
5729,0,0
10628,0,0
12004,0,1
6261,1,1
15794,0,0
28692,1,0
3112,0,1
22269,1,1
35287,0,0
28253,0,0
2662,0,0
14369,1,1
19456,0,0
23031,1,0
6343,0,0
33973,0,0
10495,1,0
22081,0,0
20327,1,0
27984,0,0
33896,0,0
3350,0,0
26235,0,1
18337,0,0
8651,0,0
33409,1,1
13107,0,0
17139,0,1
28735,0,1
39502,0,0
34483,0,0
22410,0,0
37415,0,1
22046,0,1
13983,0,0
30016,0,0
24384,0,0
18565,1,0
1783,1,0
6440,0,1
33167,0,0
23835,0,1
32208,0,0
37827,0,0
15004,0,0
13556,0,1
17877,0,0
15747,0,1
32576,0,1
18646,1,0
19851,0,0
33828,0,0
32361,0,0
24090,0,1
38244,1,1
21183,0,1
30880,0,0
22941,0,0
32230,1,1
14490,0,0
19521,0,0
25872,0,0
13968,0,1
22346,0,0
20880,0,0
21503,0,0
34061,0,0
11224,0,0
32160,0,0
39217,0,1
4086,0,1
39610,0,1
27470,0,0
3436,0,0
17966,0,0
401,0,0
9391,1,1
12812,0,1
23409,1,1
6807,0,0
14823,0,0
12213,0,0
33269,0,0
3591,0,0
23203,0,1
7224,0,0
17668,0,1
7417,0,1
33927,0,0
17530,0,0
14313,0,1
22508,0,0
24863,0,1
16482,0,1
18202,0,0
27338,0,0
12048,0,0
31116,0,0
15328,1,0
31014,0,0
5624,0,0
5829,0,1
29044,0,0
8529,0,0
7318,1,1
35205,0,0
18392,0,0
37877,1,0
6178,0,0
1614,0,0
11647,0,0
14820,0,0
35294,0,0
36116,0,0
39885,0,0
22589,1,1
7758,0,0
36038,0,0
35050,0,0
17268,0,1
11928,1,0
15355,0,1
35220,0,1
22413,0,0
32312,1,1
24678,0,0
8327,0,0
6002,1,0
2918,1,0
15423,1,1
17790,0,0
19989,0,1
4536,0,1
16505,1,0
33397,0,1
10575,1,1
29162,0,1
3414,1,1
35500,0,1
33692,0,0
14920,0,0
1245,1,1
21067,0,0
1048,0,0
20142,0,0
1802,0,1
38559,0,0
16238,0,1
35170,0,0
10163,0,0
20932,0,0
39181,0,0
32693,1,0
21657,0,0
24480,0,0
16860,1,0
2550,0,0
37404,0,0
35677,0,0
26256,0,1
19944,0,0
31002,0,0
32765,0,0
27010,0,0
15446,0,0
9717,0,0
32757,0,1
3235,0,0
28192,1,0
4545,0,0
39482,0,0
11820,0,0
31192,1,1
1626,0,0
16760,0,1
39097,1,1
7052,0,0
34717,1,1
9307,1,1
12299,1,0
1265,0,0
10676,0,1
3273,0,0
36014,1,1
35554,0,1
39770,1,1
25221,0,1
9393,1,1
24748,0,0
36124,0,0
25768,0,0
29396,0,0
35177,0,1
36535,0,1
24023,0,0
3522,0,0
23686,0,0
27657,0,0
37049,0,0
25631,0,0
17425,0,0
37088,0,1
5819,0,1
23928,0,0
35398,0,0
14853,0,0
12214,0,0
32910,0,1
20154,0,1
34195,0,1
12681,1,0
17379,1,1
25360,0,1
7273,0,1
34519,0,0
36987,0,0
7810,0,0
28483,1,0
4562,0,0
26169,0,0
30220,0,0
13843,0,0
30554,0,0
19454,0,0
6389,1,1
32675,1,0
35001,0,0
37494,0,0
30540,1,1
14670,0,1
4447,0,0
1670,0,0
7610,0,0
23870,1,1
15159,1,1
12610,0,0
13699,0,0
30801,0,0
26353,0,1
9585,1,1
21386,0,1
4142,0,0
8380,0,0
5599,0,0
27409,0,0
32288,0,0
33669,0,0
14210,0,0
36662,0,1
35237,0,0
1655,0,0
38747,0,0
2672,0,0
13402,0,0
28073,1,1
20551,0,0
17441,0,0
3899,0,0
10050,0,0
28475,0,1
2396,0,0
37977,0,0
4550,0,0
33469,0,1
35180,1,1
2340,1,0
32464,0,1
21501,1,0
37027,0,0
3275,0,0
22584,1,1
17076,0,0
24934,1,0
4518,0,0
29015,0,0
4463,1,1
11267,1,0
6755,0,0
23286,0,1
7526,1,1
36009,0,0
39443,1,1
18374,0,0
25125,0,0
26834,1,0
3604,1,0
9561,1,1
14781,0,0
25502,0,0
32528,0,1
12404,0,0
18409,1,0
27534,0,0
39828,0,0
33166,1,0
4878,0,0
6414,0,1
36358,0,0
35042,1,0
3118,0,0
7207,0,0
14668,0,0
32730,0,0
31561,1,1
36039,0,0
5941,1,0
6050,0,0
9245,0,0
22183,1,1
17644,0,0
9909,0,0
6458,1,0
19040,0,0
32255,0,0
27617,0,0
8554,0,1
24775,0,0
2925,0,1
27472,0,1
14263,0,0
15031,1,1
9645,0,0
19704,0,0
30825,1,0
18935,0,0
18940,1,1
9223,0,1
25204,0,0
31037,0,0
7374,0,0
23333,0,0
367,0,0
13147,0,0
25984,0,1
17079,0,0
17308,1,0
16284,0,1
1630,0,0
33129,0,0
39669,0,0
33737,0,0
24620,0,1
37915,0,1
23305,1,0
20550,0,0
19966,0,0
38185,0,0
232,0,1
27293,0,0
14322,0,1
15365,0,1
5440,0,0
19206,0,1
11188,0,1
5210,0,0
23683,0,1
38304,0,1
25937,0,0
38364,1,1
2447,0,0
32539,0,1
11346,0,0
11745,0,0
10142,0,0
38617,0,0
25427,0,0
37899,1,1
33657,0,0
2825,0,1
26802,0,0
36457,0,0
35146,0,0
21737,0,1
33909,1,1
38663,0,0
21450,0,1
25483,0,0
14247,0,0
6388,0,0
19284,0,0
32617,0,0
8945,0,1
10659,0,0
12034,0,0
21599,0,0
25989,0,0
21389,0,0
31277,1,1
9854,0,0
17046,0,0
7840,0,1
11840,0,0
23453,1,0
39375,0,0
7656,1,1
6019,0,0
2921,0,1
23122,0,0
6007,0,0
12916,0,0
11627,0,0
1339,0,0
15748,0,0
35736,0,0
19037,0,1
33898,0,0
22100,1,1
26182,0,1
24764,0,0
19655,0,0
20658,0,0
21659,0,1
6397,1,0
12471,1,1
11870,0,0
30793,0,0
34533,0,1
36979,1,1
28250,0,0
5234,0,0
30405,0,0
37207,0,1
10492,0,0
21378,1,1
34428,0,0
31466,0,0
6452,0,0
25430,0,1
39044,0,0
17204,0,0
9901,0,0
1213,0,0
5764,0,0
22359,0,0
1286,0,0
34101,0,1
7449,0,0
25393,1,1
14063,0,0
10185,0,0
33353,0,0
7078,0,1
19799,0,0
15166,0,1
19848,0,0
22230,1,1
22693,0,0
12525,1,1
39639,0,1
3387,0,0
18183,0,0
39291,0,0
32369,0,1
36056,0,0
21087,0,1
14064,0,1
13619,0,0
7539,1,1
19103,0,0
27619,0,0
7191,0,0
18339,0,0
2658,0,1
17123,0,0
29289,0,0
38099,0,0
31708,0,0
26962,0,1
33647,1,0
20183,0,0
8134,0,0
9557,0,0
25971,0,1
32550,0,0
17770,0,0
5479,0,0
27512,0,1
37129,0,1
2477,0,0
20950,1,1
15282,0,1
4505,0,0
19364,0,1
31448,0,0
21116,0,0
18284,0,0
22024,0,0
10755,0,1
4612,0,0
25551,0,0
26081,1,1
36476,0,0
11705,0,0
7276,0,0
36506,1,1
4140,0,0
28834,0,0
17220,1,0
24335,1,0
37549,0,1
32015,0,0
3452,0,0
31167,0,0
22062,0,0
31678,0,0
27853,1,0
10060,0,0
23874,0,0
16586,1,0
23380,0,0
22930,0,0
9779,1,1
28418,0,0
33504,0,0
26362,1,0
32196,0,0
13220,1,1
22340,1,1
25344,0,0
10581,0,1
37313,1,1
3186,0,1
16598,0,1
36548,0,0
37826,1,1
6354,0,0
33364,0,0
26341,1,1
32499,0,0
39926,0,1
35682,0,0
22613,1,0
14132,1,1
38033,0,0
16033,1,1
12962,0,0
18418,0,0
34396,0,0
18566,0,1
3722,0,0
7,0,1
233,0,0
11945,1,1
13160,0,0
3988,0,0
35761,1,0
26010,0,0
21898,0,0
4438,0,0
14611,1,1
9744,0,1
36037,0,0
30348,0,0
29474,0,0
31295,0,0
13302,0,0
33869,1,1
18707,0,0
30692,1,0
16424,0,0
14413,0,0
26679,0,0
24830,1,0
2855,0,0
12967,0,0
13045,0,1
10650,0,1
4515,1,0
32087,1,1
22084,0,1
33019,0,0
25019,0,0
10215,1,1
4553,0,0
2214,0,0
24414,0,0
28915,0,0
1272,1,1
34991,0,0
9366,0,0
36367,0,0
20437,0,0
4433,0,0
35839,0,1
27298,0,1
26509,0,0
37788,0,0
32318,0,1
34409,0,0
5472,0,0
26917,0,0
15613,1,1
28841,0,0
23254,0,0
12216,0,1
22150,1,1
37840,0,0
22285,0,0
15276,0,0
25002,0,0
1056,0,0
13413,1,0
31938,0,1
544,0,0
12133,0,0
33810,0,1
9331,0,0
13741,0,0
37472,0,0
5489,0,0
14884,0,1
18164,0,0
8373,0,1
14529,1,1
8647,0,0
23918,0,1
33059,0,0
30219,0,1
12580,0,0
8450,1,1
11547,0,1
16259,0,1
27042,0,0
22986,0,0
29284,0,0
20409,0,0
19112,0,0
22634,0,0
36914,0,1
35750,0,0
30621,0,0
15693,1,0
17759,1,0
38691,0,0
24313,1,0
38720,0,0
36070,0,1
14303,0,0
33393,0,0
39631,0,1
20745,0,0
36953,0,0
37760,0,0
14220,0,0
11741,0,0
12823,0,0
36954,0,0
3451,0,0
34127,0,0
35105,0,0
14002,0,0
35622,0,0
9216,0,0
30772,0,1
27779,0,0
28374,0,1
4987,0,1
23890,0,1
13108,0,0
30808,0,0
30071,0,0
13475,0,0
2294,0,0
12599,0,0
33530,1,1
17180,0,0
22929,0,0
6717,0,1
38537,0,0
10297,0,1
36654,0,0
29046,0,0
19110,1,1
17036,0,0
16682,1,1
2614,0,0
3548,0,0
5682,0,0
21036,0,0
13573,0,0
15353,0,1
21736,0,0
26166,0,0
29017,0,0
34401,0,0
10562,0,0
35350,0,1
29186,0,0
5341,0,0
21211,0,1
32850,0,0
6507,0,0
35211,0,0
27650,0,0
9537,0,0
8180,0,0
2663,0,1
37910,0,0
5000,1,0
31975,0,0
4771,0,0
19959,0,1
26014,0,0
7936,0,0
6398,0,0
24604,0,0
984,0,0
39693,1,0
17239,1,1
36456,0,0
25164,0,1
18862,1,0
24614,0,0
39868,0,0
32118,0,0
4335,0,0
30760,0,0
119,0,1
12450,1,0
3599,0,0
30719,0,0
33372,0,0
25464,1,0
34778,0,0
39236,0,0
35175,0,0
4282,1,1
25153,0,0
26434,1,0
19995,0,0
8828,0,1
30001,0,0
24472,1,1
29135,0,0
23739,0,0
22298,1,1
2451,1,0
22297,0,0
1302,0,1
12273,0,1
25576,1,1
2104,0,0
16731,0,1
10619,1,1
3005,0,0
2954,0,0
30611,0,0
2142,1,0
18905,1,0
17151,0,0
9185,1,0
35457,1,0
31179,0,0
20285,0,1
12235,0,0
11126,0,0
28613,0,0
18758,1,1
37588,0,1
11248,0,0
27431,0,0
19043,1,1
11976,0,0
9540,0,0
18440,0,0
377,0,0
4815,0,0
29294,0,0
30404,0,0
30208,1,0
25710,0,0
33308,0,1
36113,0,0
16141,1,1
24749,0,0
11499,0,1
15758,0,0
23718,0,0
23628,0,1
6677,0,1
15610,0,0
25578,0,0
7707,0,1
8139,0,0
18131,0,0
25506,1,0
15010,0,0
32026,0,1
6503,0,0
18858,0,0
21258,0,0
33140,0,0
31684,0,0
38105,0,0
15322,1,1
7146,0,0
15102,0,0
6345,0,0
31280,0,1
25651,0,1
11325,0,0
38042,0,1
9701,0,0
26625,0,0
13851,0,0
7461,0,0
37655,0,0
38596,0,0
15824,0,1
3237,0,0
7862,0,0
32537,0,1
33374,0,0
23830,1,1
2069,0,0
18420,0,0
23964,0,0
16886,0,0
36591,0,0
16757,1,1
10074,0,0
23740,0,0
15349,0,1
24992,0,0
33577,0,1
8287,0,1
19715,0,0
33950,0,0
24714,1,1
14761,0,0
32533,0,1
9196,0,0
5805,0,0
21517,0,0
5466,1,0
21633,0,1
32946,0,0
21109,0,0
37565,0,1
1165,0,0
25567,0,0
37319,0,1
27836,0,0
35692,1,1
17970,0,0
38053,0,0
2651,0,0
32104,1,0
18376,0,0
8242,0,0
26423,0,0
29398,0,1
19719,0,1
27953,0,0
14690,0,0
37546,0,1
697,0,0
36381,0,0
7664,0,0
36829,0,1
36287,0,0
5139,0,0
32671,0,0
31867,0,0
19918,1,1
5150,0,0
30100,1,1
27037,0,1
34781,1,1
13869,0,1
16080,1,0
35219,1,1
26301,0,0
5355,0,0
23093,0,0
2410,1,0
16746,1,0
26259,0,0
6521,0,0
39946,0,0
15156,0,1
25779,0,0
30485,0,0
12011,0,0
17539,0,0
34064,0,1
29165,0,0
3529,0,0
10303,1,0
8682,0,0
7209,0,1
33745,0,0
13967,0,0
21595,1,1
28685,0,0
33514,0,0
20762,0,0
5324,0,0
36179,0,0
3450,1,0
17785,0,0
30929,0,1
36852,0,0
10571,0,0
27967,0,0
10630,0,0
21587,1,1
36724,1,0
14284,0,0
2638,0,0
15409,0,0
3809,0,0
29316,0,0
30817,0,1
5559,1,0
28976,0,0
25455,0,1
6395,0,0
31305,1,1
37086,0,0
2591,0,0
33749,0,0
38112,0,0
29223,0,0
37765,1,1
17369,0,0
37047,0,0
23153,0,0
5287,0,0
34890,0,0
4760,0,0
13344,0,0
15193,0,0
23933,0,0
2198,1,1
7315,1,0
13227,0,0
18208,0,0
27079,0,0
3842,0,0
22939,0,0
22261,1,1
12368,1,0
18000,0,0
34597,0,0
24444,0,1
14044,0,1
30123,0,0
14580,1,1
32229,0,1
24220,0,0
4241,0,0
38107,0,0
33446,0,0
9449,0,0
38130,0,0
5718,0,0
7993,0,0
14728,0,0
25236,0,1
31712,0,0
38888,0,0
25232,0,0
23852,1,0
10082,1,0
32452,1,1
15009,1,0
18609,0,0
6559,0,0
29673,0,0
32849,0,0
39747,0,1
8215,0,0
13647,0,0
26062,0,0
33143,0,0
4756,0,0
17957,0,0
10039,0,0
30931,0,1
28845,0,1
32893,0,1
9131,0,1
16488,0,0
13567,0,0
21201,1,1
39775,0,0
36657,0,0
7030,0,0
9867,0,0
20225,0,0
20206,0,0
37363,0,1
1154,0,1
11086,0,0
36465,0,0
19905,0,1
33568,0,0
13007,0,0
1635,0,0
6554,0,0
17552,0,0
23976,0,1
38016,0,0
9302,0,1
29379,0,0
23152,0,0
39020,0,1
27243,0,0
29918,0,0
23383,0,0
13702,0,0
3145,0,0
22789,0,1
8509,0,0
37345,1,0
4825,0,0
33679,0,0
1366,1,1
27936,0,1
20584,1,0
35057,0,1
33851,0,0
32601,0,1
29801,0,0
8776,0,0
3117,0,0
23049,0,0
9471,0,0
80,0,0
6900,0,0
13493,0,1
6767,0,1
2307,0,0
37180,0,0
2129,1,0
16956,1,1
4779,0,0
7304,0,0
18632,0,1
8394,0,1
26028,1,1
16432,0,1
17329,0,0
5159,0,0
1361,0,0
25534,0,0
37732,0,1
10966,0,0
31331,0,0
1358,0,0
2961,0,0
24018,0,0
11598,0,0
35990,0,1
5259,0,0
15738,0,0
24578,0,1
31012,0,0
19459,0,0
3162,0,0
29505,1,1
1734,0,0
34501,0,0
3686,0,0
8763,0,1
2943,0,1
9787,1,1
17845,0,0
28555,0,0
6183,0,0
6171,1,0
36763,1,0
27710,0,1
29487,1,0
2221,0,0
30439,0,0
35189,0,0
28200,0,1
37898,1,1
28471,0,1
27144,0,0
29760,0,0
13734,0,0
27238,1,1
30669,0,1
35739,0,0
771,0,1
30629,0,0
21399,0,0
33673,0,0
22856,0,0
28890,0,1
23161,0,1
27482,0,0
20576,1,0
36593,0,0
21976,0,0
39137,0,0
2535,1,0
4110,0,1
5779,0,0
14855,0,0
23013,1,0
17828,1,1
4485,0,0
38570,0,1
39316,0,0
24528,0,0
31454,0,0
22865,0,1
27531,1,0
18620,0,0
9108,0,0
19652,0,0
29433,0,0
13774,0,0
19304,0,0
8480,1,0
36207,0,1
23770,0,0
28708,1,0
5085,0,0
9242,0,0
1563,0,1
29692,0,1
9494,1,1
19440,0,0
26019,0,1
25242,0,0
19004,0,0
24209,0,1
8483,0,0
35264,0,0
12421,0,0
490,1,0
17033,1,0
35673,0,1
24277,0,0
21084,0,0
10633,0,0
39248,0,0
14794,0,0
39591,0,1
13588,0,0
24719,0,0
16388,0,0
34763,0,1
28871,0,0
37708,0,1
15002,0,0
37516,0,0
9453,0,0
594,0,0
26544,0,0
12108,0,0
5513,1,0
1636,0,0
30103,0,1
18919,0,0
36938,1,0
38510,0,0
19041,0,0
31392,0,0
8428,0,0
20947,0,0
36608,0,0
16969,1,1
9840,0,0
30734,0,0
16575,0,0
12252,0,0
27738,0,1
7684,0,1
15526,0,1
35007,0,0
15841,0,0
18484,0,0
17096,0,0
29532,1,0
12684,0,0
1719,0,0
3031,0,1
12487,0,0
37589,0,0
16837,0,0
18730,0,0
5316,0,0
19457,0,0
8953,0,0
23147,0,0
12764,0,0
7141,0,0
2086,0,0
34284,0,0
6826,0,1
13480,0,0
36071,0,0
22620,0,0
11489,0,0
15451,1,1
37467,0,0
37071,0,0
1899,0,1
1375,0,1
21651,0,0
14978,0,0
11285,0,0
12870,0,0
679,0,0
32419,0,0
9486,0,0
1678,1,1
15504,0,1
24571,0,0
26786,0,0
20156,0,1
33396,0,0
11389,0,0
14558,0,0
37994,0,0
298,0,1
28415,0,0
16132,0,0
9447,0,0
2588,0,0
5282,1,1
33356,1,1
7916,0,1
1595,0,0
214,0,1
1433,0,0
8017,0,0
8301,0,1
3335,0,0
24742,0,0
38935,1,0
26817,0,0
31110,0,0
39840,0,0
30459,0,1
6413,0,0
12836,0,0
6934,0,1
20568,0,1
20908,0,0
33629,0,0
720,0,1
15219,0,0
16327,0,1
38631,0,0
11047,0,1
7288,0,0
23394,0,0
28409,0,0
2806,0,0
35676,0,0
20558,0,1
14675,0,1
9586,0,0
2867,0,0
35911,0,0
30078,0,0
10053,0,0
22898,0,1
26558,0,0
31685,1,1
29710,0,0
39162,0,0
23773,0,0
17149,0,0
12038,0,0
37336,1,1
19446,0,0
31683,0,0
16261,0,0
32589,0,0
30165,0,1
9649,0,0
30936,0,0
32751,0,1
38465,0,0
15768,1,0
35915,0,1
34881,0,0
13486,0,0
24172,0,0
10153,0,0
16968,0,0
10612,0,0
27419,0,1
27124,0,0
26084,0,0
8055,0,0
18070,1,0
67,0,1
29233,0,0
3057,0,0
30671,0,0
18562,0,1
18037,0,0
22849,1,0
28526,0,0
15345,0,1
3229,0,0
22401,0,0
24219,1,0
12221,0,0
18209,0,0
36927,0,0
6314,0,1
33037,1,1
30134,0,0
16776,0,0
20028,0,0
14609,1,1
39752,0,1
25307,1,1
7388,0,0
24980,0,0
3882,0,1
13924,0,1
9088,1,1
4049,0,0
23700,0,0
23230,1,1
2815,0,0
26095,0,0
7267,0,1
1391,0,0
26449,1,1
24602,0,1
22474,0,1
37606,0,0
8598,0,0
26485,0,1
35308,0,0
34876,0,0
3629,0,0
8900,1,1
18329,1,1
35699,0,0
11726,0,1
34942,0,1
5580,0,0
3768,0,0
1235,0,0
2231,1,0
8219,0,0
15952,0,0
17666,0,0
21478,0,0
11734,0,0
38062,0,0
31313,0,0
21030,0,0
33653,0,0
18948,0,0
11892,0,1
10744,0,0
15402,0,0
25673,0,0
29617,0,1
39432,0,1
2206,0,0
1855,1,1
5097,0,0
32410,0,1
6196,0,0
22502,0,1
24908,0,0
34801,0,0
15678,0,0
38209,0,0
20740,0,0
25792,1,1
34142,0,1
27420,0,0
23429,0,0
14831,0,1
20425,0,1
2830,0,0
11076,0,1
34001,0,0
16783,0,0
8316,0,0
34602,0,0
39179,0,0
6377,1,0
2186,0,1
8692,0,1
38880,0,0
6866,0,0
37489,0,1
15127,0,0
25717,0,1
13024,0,1
38630,0,0
17465,0,0
31250,0,0
22650,0,0
37902,0,1
35986,0,0
5047,0,1
11413,0,1
5192,0,0
16230,0,0
2273,0,0
13863,0,0
20833,0,1
39233,0,0
4289,0,0
1030,0,0
10713,0,1
14721,1,1
10505,0,1
5406,0,0
30168,1,0
14291,1,1
1521,0,0
27598,0,1
5778,0,1
30429,0,0
15806,0,0
4696,0,0
16608,0,1
37358,0,0
11034,0,0
625,0,0
23043,0,0
21560,0,0
33766,0,0
27330,0,0
28770,0,0
24659,0,0
24087,1,1
30579,0,0
22572,1,1
35084,0,1
2595,0,0
33892,0,1
20923,0,0
4007,0,0
3023,0,0
39378,0,0
5240,1,1
6399,0,0
8766,0,1
13812,0,0
13458,0,0
8071,0,0
37420,0,0
36342,0,1
30142,0,0
16535,0,0
2243,0,1
13949,0,0
13351,0,1
30292,0,1
9215,0,1
36622,0,0
29652,0,0
11143,0,0
11975,0,0
2421,1,1
6540,0,0
18571,0,0
174,0,0
9957,0,1
24825,0,0
18516,0,0
26073,0,0
16498,0,0
17264,0,1
32864,0,1
17664,0,0
7201,0,0
2313,1,0
25931,0,0
23067,0,0
16523,0,0
29315,0,0
13451,0,0
19451,0,0
6592,1,0
18538,1,0
24174,0,0
12018,0,0
23408,0,0
31008,0,0
21253,0,0
13372,0,0
7519,0,0
29099,0,0
18323,0,0
1094,1,0
19094,0,0
17902,0,0
36406,0,0
18775,0,0
22678,0,1
30610,0,0
12249,0,0
35598,0,1
33718,0,0
31205,0,0
4076,0,0
33964,0,1
9687,0,1
34566,0,0
22233,0,1
34830,1,0
22762,0,0
8548,1,1
23570,0,0
16066,0,0
14991,0,0
34027,0,0
11711,0,0
30827,0,0
16415,0,0
37855,0,0
2581,0,0
25454,0,0
33105,0,0
22765,1,1
26765,0,0
9748,0,0
35519,0,0
23170,0,0
7338,0,1
25720,0,1
9409,0,1
13824,0,0
34913,0,1
27383,0,1
1707,0,0
13755,1,1
37241,0,0
37525,0,0
39538,0,1
5577,0,0
39450,0,0
21091,0,1
23029,0,0
33648,1,0
30675,1,1
33993,0,0
8236,1,0
18317,0,1
22289,0,1
4331,0,0
18326,0,0
34164,1,1
30562,0,1
31006,0,1
182,0,1
4628,0,0
31,0,1
37989,0,0
29488,0,0
33790,0,0
10545,1,1
9866,0,0
22525,0,0
2152,1,0
13014,0,0
30796,0,0
2274,1,0
12052,0,0
3628,0,0
37474,0,0
28026,0,1
979,0,0
19167,0,0
14315,0,1
16803,0,1
18996,0,1
10054,0,1
14732,0,1
14649,1,0
1617,1,0
27281,0,1
30122,0,0
21340,0,0
23124,0,0
33278,0,0
10056,0,0
35726,0,0
35938,0,0
17432,0,0
1140,0,1
16800,0,1
33901,0,0
4262,0,0
2543,0,0
37938,1,1
163,0,1
24884,0,0
37174,0,0
17301,0,0
25217,0,0
23761,0,1
4541,1,0
8550,0,1
4954,1,1
17430,0,0
39027,0,1
35684,0,0
37974,0,0
20903,0,1
26241,0,0
36046,1,0
6987,0,1
23184,0,0
12179,1,1
24342,0,1
21604,0,1
3491,0,0
24062,0,0
31212,1,1
25830,1,1
37487,1,0
32161,0,0
32973,0,1
12679,0,0
29812,0,1
6138,0,0
3473,0,0
16828,0,1
19464,0,0
39827,0,0
9466,0,0
25003,0,0
17583,0,0
9728,0,0
5855,0,0
5644,1,0
6750,0,0
17942,0,1
32344,0,1
36669,0,1
26808,0,1
2583,0,0
20509,0,0
6744,0,0
26761,0,0
34321,0,0
12304,0,0
14432,0,0
28346,1,1
3154,0,0
6508,0,1
39347,0,0
15905,0,0
29934,1,1
7233,0,1
19804,1,1
35132,0,0
3175,0,0
2334,0,0
4037,0,1
20021,0,0
15649,0,0
39732,0,0
8432,1,1
5090,1,0
36371,0,0
36372,1,1
30387,0,0
15954,1,0
31588,0,1
9278,0,0
26864,0,0
7182,0,0
15739,0,0
24988,0,0
16607,0,0
20034,0,0
26648,0,0
19494,1,0
9400,0,0
27602,1,0
19634,0,0
15271,0,0
9259,0,0
6214,0,1
28113,1,1
13947,0,1
26012,0,1
9966,0,0
321,0,0
4329,0,0
13810,0,1
8893,0,0
24905,0,0
16786,1,1
2715,0,0
12821,1,1
6420,1,0
35798,0,0
24700,0,0
29510,0,1
4643,0,1
20682,1,0
35939,0,0
20859,0,0
28267,0,0
11674,0,1
33176,0,0
2459,0,0
22795,0,0
11755,0,1
34427,0,0
8001,1,1
36569,0,1
3438,0,0
37901,0,0
27109,0,0
12145,0,0
32623,0,0
709,0,0
3131,0,1
17320,0,0
16764,0,0
31752,0,0
39001,0,0
33633,0,0
26232,0,0
25612,0,0
20323,0,1
9052,1,0
16647,0,0
14828,0,0
27309,0,1
21810,0,1
6960,0,0
31979,0,0
8725,0,0
24827,0,0
33854,0,1
11005,0,0
4872,0,0
3585,0,0
2708,0,0
39712,0,0
32495,1,0
18369,0,0
34002,0,0
14600,0,1
39652,0,0
16978,0,0
6862,0,1
12016,0,0
31830,0,1
29773,0,1
26067,0,0
15617,1,1
7309,0,0
2915,0,0
6387,0,0
3915,0,0
19852,1,1
30452,0,0
9305,1,1
34330,0,1
33707,0,1
19901,0,0
15550,0,0
39125,1,1
26336,0,0
21052,1,1
24234,1,0
12978,0,0
26018,0,1
18537,0,1
36846,0,0
1381,0,1
39887,0,0
18193,0,0
19228,0,1
1196,1,1
12437,0,1
6741,0,0
20883,0,1
13613,0,0
10464,0,0
23284,0,0
22699,1,1
15250,0,0
21838,0,0
10904,1,1
31888,0,0
4392,0,0
8615,1,0
32833,0,0
29148,0,0
3276,1,0
38424,0,0
22909,0,0
12190,1,0
32008,0,0
37469,0,0
32636,0,0
14556,1,1
37866,0,0
14516,0,0
6172,0,0
37717,0,1
30505,0,0
949,0,0
32905,0,1
23302,0,0
30902,0,0
11398,0,1
21584,0,0
11180,0,1
13114,0,1
6800,0,0
7516,0,0
933,0,0
22768,0,0
336,1,1
39531,0,0
12546,0,0
18436,0,0
37947,0,0
26992,0,0
28579,0,0
23334,0,0
10431,0,0
35479,0,0
6493,0,0
23219,0,0
21539,1,1
24317,0,0
26836,1,0
14508,1,1
24050,0,0
37176,0,0
3193,0,0
6873,0,0
2838,0,0
1584,0,0
10937,1,1
33346,0,0
22956,1,1
30758,1,1
9629,0,0
664,0,0
5820,0,0
18913,0,0
11426,0,0
7275,0,0
8251,0,1
25806,0,0
21902,0,0
39250,0,0
14987,0,0
10385,0,0
16882,0,1
6118,0,1
37155,0,0
25314,0,0
23087,0,0
14901,0,0
1484,0,0
20821,0,0
18460,0,1
14300,0,1
12174,0,0
11739,0,0
14040,0,1
23209,0,0
3679,0,1
30676,0,0
4813,0,0
20547,0,0
39066,0,0
3290,0,0
38339,1,1
33522,0,0
20852,0,1
14235,0,0
39958,0,0
23182,0,0
6527,0,1
19706,0,0
18630,0,0
33667,0,0
26886,0,0
16151,0,0
35857,0,0
23376,0,1
25007,0,0
18433,0,0
35737,0,0
21097,0,0
31319,0,0
5724,0,0
38934,0,0
12721,0,0
37070,0,0
30229,1,1
15246,0,0
31265,0,1
36107,0,0
3265,0,0
6752,0,0
9532,0,0
24075,0,1
8258,1,1
9654,0,1
11081,0,1
39111,0,0
39073,0,0
12849,0,0
5874,0,0
11343,1,1
10482,0,1
1812,0,0
36541,0,0
2053,0,0
17587,0,1
19921,1,0
2899,0,0
18633,1,0
29775,0,0
22923,1,0
7564,1,1
27104,0,0
954,0,0
31858,0,1
4762,0,0
11449,0,0
13025,0,0
30938,0,0
24979,0,0
16870,0,1
20531,0,1
27194,0,0
3474,0,0
8837,0,0
25916,1,0
537,1,1
21514,0,0
34748,0,0
31399,0,0
35079,1,1
7179,0,1
6290,0,0
4923,0,1
30004,0,0
20277,0,0
27796,0,0
16949,1,1
22588,0,0
25923,0,0
30777,0,0
18710,0,0
23162,0,1
34491,1,1
279,1,1
30066,0,0
31576,0,0
35120,0,0
35377,0,0
29300,0,1
25169,0,1
35719,0,0
8703,0,0
2124,0,0
15722,0,1
3279,0,0
11333,1,1
22769,0,1
20604,0,0
5277,0,0
4351,0,1
21634,0,0
1690,0,0
31366,0,0
25818,1,1
38246,0,0
20110,0,0
33311,0,0
24751,1,0
1863,1,1
8107,0,0
33047,0,0
3581,1,1
29151,0,0
11459,1,0
15807,1,0
8756,0,1
23879,0,0
5680,0,0
28877,1,1
17847,0,1
17262,1,0
10990,0,0
3084,0,0
31159,0,0
23865,0,0
9943,0,0
8942,0,0
33943,0,0
18138,1,1
10426,1,0
19351,0,0
31435,0,0
2928,0,0
38065,0,0
27259,0,1
17452,0,1
6488,0,1
21331,0,0
1093,0,0
7938,0,0
5140,0,1
8096,0,0
17467,0,0
35293,0,0
22181,0,0
19028,0,0
11171,0,1
22504,0,1
31043,0,0
14535,0,1
39148,0,0
29118,0,0
10045,0,0
9079,1,0
8445,0,1
31467,0,0
30787,1,1
25843,0,0
19448,0,1
7259,0,1
4973,0,0
10422,0,0
12895,0,0
3448,0,1
3044,0,0
27850,0,0
16393,0,1
31279,0,0
38280,0,1
25302,0,0
20319,0,1
13620,0,1
7638,0,0
21800,0,0
35186,0,1
9463,0,0
33,0,0
29612,1,0
9719,0,0
318,1,1
19990,0,0
10002,0,0
15441,0,0
5327,0,0
4243,0,0
21425,0,0
5893,0,0
31710,1,0
36750,1,0
39980,0,0
12953,0,0
24850,0,0
37154,0,1
20320,0,0
2873,0,1
32963,0,1
38041,1,1
15860,0,0
11732,0,0
33569,0,0
2684,0,1
34935,0,1
38009,1,1
27949,0,0
12425,0,0
10519,0,0
32166,0,1
27711,0,1
22735,0,0
38552,0,0
27062,1,0
13635,0,0
13424,0,0
22831,0,0
19322,0,1
20211,1,0
28826,0,0
38674,1,0
10152,1,1
3608,0,0
16278,0,0
15637,0,1
27404,0,0
2791,0,0
37641,0,0
7459,0,0
1121,1,1
31276,1,1
25029,0,1
33800,0,0
14526,1,1
4663,0,0
35030,0,1
20258,0,0
2755,0,0
32140,0,1
12912,0,1
20904,0,0
9905,0,1
7630,0,0
28240,0,1
24941,1,1
21289,0,0
34494,0,0
12740,1,0
16572,0,0
16183,0,1
29056,0,0
468,0,0
23464,0,0
14546,0,0
20508,0,0
13970,0,0
6923,0,0
16888,0,0
38557,0,1
10649,0,1
7278,1,1
33403,1,0
23831,0,1
21362,1,1
30699,0,0
29035,0,0
33776,0,1
230,0,0
22818,1,1
16893,0,1
35748,0,0
3667,0,1
1755,0,1
34340,1,1
38010,0,0
39793,0,1
3304,0,1
24103,1,0
38181,0,1
39135,0,1
6530,0,0
14157,0,0
5942,0,0
18997,0,0
3368,0,1
693,0,0
13318,1,1
31163,0,0
559,0,0
11537,1,1
13214,0,0
33543,0,0
10890,1,1
39441,0,0
12857,0,1
18488,0,0
27891,0,0
3180,0,1
38035,0,1
21376,0,0
27494,0,0
22101,0,1
3633,0,0
22088,0,0
16082,0,0
5903,0,0
8847,0,0
2096,0,0
3969,0,0
8452,0,0
39277,0,1
29320,1,0
37962,0,0
14869,1,0
419,1,0
33035,0,1
5500,0,0
32673,0,0
7378,0,0
10639,0,1
4914,0,0
27283,0,0
18750,0,0
9977,0,1
27234,0,0
39289,1,1
34261,0,0
7354,0,0
32522,0,0
16090,0,1
6928,0,1
10251,0,1
31674,0,0
25409,0,0
10792,0,0
37900,0,0
3458,0,0
23167,0,0
28503,0,0
28135,0,0
13872,1,1
22955,0,0
32488,1,0
7032,0,0
29395,0,0
29282,0,0
38055,0,1
23155,0,1
34348,0,0
26955,0,0
7194,0,0
36076,0,0
25114,1,1
4578,1,0
36269,0,0
17012,0,0
34355,0,0
31321,0,1
39049,0,0
38499,0,1
7681,0,0
29806,0,0
13942,0,0
12479,0,1
25585,0,1
31469,0,0
800,0,1
21973,1,1
33285,1,1
12828,0,1
5374,0,1
25271,0,1
37099,0,0
23194,0,0
18857,1,0
35332,1,1
5115,1,0
15741,0,1
12700,0,0
10921,0,0
13139,0,0
20910,0,1
9810,0,0
7799,0,0
10424,0,0
1050,0,0
4,0,0
19996,0,0
22476,0,0
30567,1,0
32587,0,0
17752,0,0
36980,0,0
33453,0,0
9933,0,1
21273,0,0
35215,0,1
23449,0,0
29095,0,0
35600,0,0
132,0,0
7626,1,1
22414,0,0
9210,0,0
25298,0,0
26402,0,0
27436,1,1
26951,0,1
1344,0,0
26239,0,1
15811,0,0
10902,0,0
28937,0,0
33802,0,0
15535,0,1
9072,0,0
8348,0,0
35836,0,1
23431,0,0
6817,0,0
187,0,0
26276,1,1
4597,0,1
25484,1,1
75,0,0
1432,0,1
36862,0,0
15838,0,0
19627,0,1
953,0,1
29185,0,0
17210,0,0
3993,0,1
24448,0,0
129,0,1
12543,1,1
5814,0,0
27707,0,1
39882,0,1
4749,0,0
19740,0,0
21351,1,0
14845,1,1
21065,1,0
30180,0,0
15189,1,0
38744,0,0
31967,0,1
13118,0,0
17849,0,0
11376,0,0
37683,0,0
23729,1,1
36276,0,0
746,1,0
11978,0,0
14590,1,1
524,0,1
10443,0,0
24487,0,0
31942,0,0
17654,1,0
21137,0,0
10521,1,0
35847,0,1
16254,0,0
36219,1,1
18088,0,0
19694,0,1
285,0,1
9294,0,1
37145,0,0
1264,0,0
1597,0,0
32753,1,1
2601,0,0
7806,0,0
4048,0,0
17804,0,0
38452,0,0
9492,0,0
12754,1,0
38840,0,0
35929,0,0
19090,0,0
27479,0,1
26774,0,1
8709,1,1
33792,0,0
11846,1,1
6550,0,0
26594,0,0
14493,0,0
810,1,1
29638,0,0
39548,0,0
39057,0,0
3547,0,0
8182,1,0
20986,0,0
33813,0,0
31926,0,1
6008,0,0
18883,0,1
21018,0,0
33092,0,1
37263,0,0
5748,0,0
33290,1,0
19384,1,1
89,0,0
13374,0,0
16797,0,0
11253,0,1
8413,0,0
31733,0,0
27969,0,1
2169,1,0
36238,0,0
30609,0,0
8159,0,0
9011,0,0
35403,0,0
77,0,1
28638,0,0
16344,0,1
33902,0,0
33334,0,0
25958,0,1
4115,0,0
9793,1,1
21871,0,1
32386,0,0
7294,0,0
4853,0,1
32300,1,1
29269,0,0
25477,0,0
27842,0,0
34636,0,0
35633,1,1
36450,0,1
5885,0,0
26747,0,1
22379,0,0
17616,0,0
13604,1,1
13670,0,1
17338,0,0
32293,0,0
2476,0,1
6558,0,0
17680,0,0
39810,0,0
36350,1,0
30119,0,0
27866,1,0
35645,0,0
8464,0,0
26398,0,1
4832,0,0
23963,0,0
11611,0,0
23592,0,0
14810,0,1
27856,0,0
37537,0,0
39301,0,0
27981,0,0
14425,0,0
36115,0,0
21562,0,0
13100,1,1
29793,0,1
6228,0,0
37903,0,1
17982,0,0
35311,0,0
24350,0,0
1566,0,0
20685,0,0
25869,0,0
10663,1,0
36066,1,1
15175,0,0
22129,1,0
32348,0,0
8109,0,0
21779,0,1
37229,0,0
9915,0,0
1520,0,0
6813,0,1
29849,0,1
18898,0,0
38220,0,0
35577,0,1
20439,0,0
14993,0,0
32741,0,0
25730,0,0
13437,0,1
1480,0,0
29733,0,0
39602,1,1
4733,0,0
7702,0,0
9842,0,0
2277,0,0
1193,0,0
5505,0,0
8474,0,0
5869,0,0
23440,0,0
20360,0,0
21825,0,0
10423,0,1
14693,0,1
6763,0,0
26828,0,1
6006,1,1
16515,1,0
29536,0,1
35305,1,1
36248,0,0
30422,0,1
28104,1,1
6950,0,0
22155,0,0
13565,0,1
3,1,1
7653,1,1
11394,0,0
31950,0,1
4309,1,0
37764,0,0
36565,0,1
36606,0,0
10081,0,0
27150,0,0
9582,0,0
14296,0,0
25591,0,0
19517,0,0
17357,0,1
8970,0,1
11437,0,0
11138,0,1
38202,0,0
36200,0,0
39241,0,0
39263,0,1
37454,1,0
21876,0,0
37102,1,1
833,0,0
15539,0,0
26931,0,1
25706,1,0
22303,0,0
19679,0,0
33026,0,0
11378,0,0
4965,0,0
21420,0,0
17260,1,1
4058,0,0
26658,0,0
2756,0,0
17152,0,0
30712,0,0
21,0,1
24244,0,0
17062,0,0
434,0,0
17620,0,0
3340,0,0
17145,0,0
14469,0,0
11548,0,1
30457,0,0
39024,0,0
20553,0,1
37569,0,1
29290,0,0
7011,0,0
37908,1,1
4618,0,0
1542,0,0
39389,0,0
19168,0,0
28919,1,1
32442,0,0
15388,1,0
4839,1,0
28512,0,1
9814,0,0
1658,0,0
23113,0,0
24552,0,0
13926,0,0
26910,1,1
36242,1,0
8500,1,1
27036,0,1
37559,0,1
32626,0,0
21888,0,1
36833,0,1
11666,0,0
466,0,0
20577,1,1
11457,0,1
836,0,1
2799,0,0
11744,0,0
9849,0,0
7767,0,0
34638,0,1
27450,0,0
17625,0,1
18547,0,0
23016,1,1
29621,0,0
34672,0,0
22840,0,0
13978,0,0
19275,0,0
15195,0,0
12211,0,0
20990,0,0
15492,1,1
30881,0,1
15762,0,0
3739,0,1
28048,1,1
11359,1,0
13948,0,0
16580,0,0
26711,0,0
39101,0,0
16889,0,0
23791,0,0
1958,0,0
29088,0,1
10432,1,1
10221,1,0
10451,0,0
33447,0,1
2409,0,1
25380,1,1
6824,0,0
32795,1,1
3404,0,1
24977,1,0
8785,0,0
33389,0,0
8399,0,0
25854,0,0
13603,0,0
3731,0,0
33390,0,0
4609,0,1
8137,0,0
29895,0,0
20372,0,0
12837,0,0
674,0,0
21685,0,0
3481,0,0
31569,0,1
4754,0,0
6828,0,0
33214,0,0
30462,0,0
25108,0,0
24477,0,0
27355,1,1
5566,0,0
10957,0,0
20697,0,0
10366,0,0
21726,0,0
7847,1,1
33065,1,1
18171,0,0
4788,0,0
22392,0,0
14867,0,1
12968,0,0
692,1,1
35624,0,0
10344,0,0
10897,0,1
17410,0,0
30364,1,1
20524,0,0
29283,0,0
20991,0,0
39999,0,1
20724,0,1
12284,0,0
28542,0,1
28712,0,0
39370,0,1
24697,0,1
12881,0,0
28361,1,1
17327,0,1
8101,0,0
16557,0,1
33483,1,1
30058,0,0
32117,0,1
39269,0,0
27716,0,0
11885,0,0
12693,0,0
31266,0,0
21482,0,0
1919,1,0
39815,0,0
7048,1,0
20586,0,0
18354,1,0
8245,0,0
38466,0,1
16930,0,1
699,0,0
10526,0,1
36379,1,1
9420,0,0
19553,0,0
15314,0,0
15484,0,1
16219,0,1
20144,0,0
37991,0,0
15573,0,0
10235,0,0
9836,0,0
20983,0,0
35169,0,0
34700,0,0
31039,0,0
20875,1,1
38521,0,1
34908,0,1
18252,0,0
25754,0,0
37178,0,0
22126,0,1
27455,0,0
33115,0,0
994,0,1
6809,0,1
6653,0,0
6265,0,0
211,0,1
38278,1,0
10618,0,0
26451,0,0
17004,1,0
33617,0,1
13387,0,0
32393,1,1
3932,0,1
11297,0,0
22242,0,1
6877,1,1
17646,0,1
34032,0,0
36551,0,1
24114,0,0
1753,0,0
4508,0,0
26738,0,1
30944,0,0
23551,0,1
11111,1,0
30977,0,0
23862,0,0
39757,0,1
29558,0,1
5077,1,1
34337,1,0
4871,0,0
35178,0,1
11984,0,0
30940,0,0
23998,0,0
24327,0,1
38834,0,1
32126,0,0
32917,0,1
34532,1,0
22257,1,1
27898,0,0
23282,0,0
37451,0,1
12900,0,1
30707,1,0
6131,0,0
27932,0,0
2228,0,0
25653,0,0
26059,0,1
1319,0,0
7853,0,0
29152,0,0
36336,1,1
19824,0,1
30072,1,1
2489,1,1
20913,0,1
26193,1,1
28439,0,1
35166,0,0
23272,1,1
15500,0,0
24514,0,0
21922,0,0
688,0,0
19772,0,0
3505,0,0
24762,0,1
6659,0,0
16846,1,1
29149,0,0
31092,0,0
510,0,1
36614,0,0
32481,0,0
13827,0,0
39836,0,0
8397,0,0
26732,0,0
20200,0,0
21174,0,0
11354,0,0
12229,1,1
14975,0,1
2743,0,0
8207,0,0
8125,1,0
16320,0,0
24795,0,0
34623,0,1
20940,0,0
6979,0,0
8923,0,0
21053,0,1
13641,0,0
23232,0,0
34366,0,0
26979,1,0
2995,0,0
19109,0,0
15563,0,0
12321,0,0
28736,1,0
4445,1,1
8782,0,1
11112,0,1
4492,0,0
5111,0,0
19754,0,0
6891,0,0
20521,0,1
13292,0,0
36903,0,0
25996,0,0
23521,0,0
10725,1,1
27073,0,0
14310,0,0
27329,0,0
4443,0,0
20962,0,0
5529,0,0
24096,0,0
19269,0,0
16383,0,0
33429,0,0
38086,0,1
21921,1,0
1590,0,0
26601,0,0
27795,1,0
33086,0,1
11684,0,1
11474,0,0
26281,0,0
37875,0,0
20000,0,0
26163,0,0
28853,0,0
37702,0,1
32415,1,0
16111,0,0
33371,0,0
38894,0,0
13541,0,1
24255,0,0
12466,0,0
17541,0,0
13836,1,1
36738,0,1
20448,0,1
26053,1,1
29567,0,0
5424,0,0
7668,0,0
39604,0,0
20118,0,0
28596,0,1
23389,0,0
31829,0,0
31607,0,0
9560,0,1
34680,0,0
25087,0,1
6162,0,0
13393,0,0
3394,1,0
27911,0,0
3597,0,0
24420,0,1
20834,0,0
22906,1,1
9445,0,0
18303,0,1
4053,0,0
30506,1,0
18474,0,1
3595,0,0
29312,1,0
3130,0,0
10181,0,0
37593,0,0
7106,0,0
25521,0,0
31976,0,0
26410,0,0
17633,0,1
3303,0,0
35090,0,0
612,0,0
6861,0,0
13674,0,1
4981,0,0
21462,0,0
35664,0,0
3573,0,0
4064,0,0
37814,0,0
26416,0,1
38942,0,1
10439,0,0
30900,0,0
5777,0,0
328,0,0
35945,1,0
4746,0,0
16887,0,0
24286,1,1
1475,0,0
13726,0,0
3602,0,0
6569,0,1
26132,0,0
10622,0,0
8517,0,0
7353,0,0
32538,1,0
24210,0,1
13337,0,1
15196,1,1
35799,0,0
14768,0,0
16552,0,1
8376,0,0
14385,0,0
26871,0,0
11872,0,1
34573,1,0
29202,1,1
7836,0,0
7816,1,1
13611,0,1
493,0,0
7045,0,0
35055,1,1
22722,0,0
25481,0,0
28083,0,0
33257,0,0
6230,0,0
24848,0,0
22987,0,0
5636,0,0
168,0,0
32907,0,0
31702,0,1
32390,0,1
16677,0,0
38719,0,0
16818,0,0
13283,1,0
27568,0,0
8414,0,0
14634,0,1
33704,0,0
8011,0,0
12027,0,0
26424,0,0
11061,0,1
7027,0,0
29624,1,1
13766,0,0
15005,0,1
27213,0,0
26692,0,0
35046,0,0
29071,0,0
24256,0,0
14386,0,1
13438,0,0
21699,0,1
18152,0,1
18865,0,1
14105,0,1
5366,0,1
14786,0,0
14706,0,0
38862,0,0
32665,0,0
10338,1,1
22991,0,0
23524,0,0
4419,0,0
6444,0,0
11469,0,0
37633,0,1
23222,1,1
39280,0,0
6758,1,1
18032,0,0
27425,0,1
13269,0,1
9338,0,1
12049,0,0
3197,0,0
586,1,1
20890,0,0
27942,1,1
3887,0,0
15826,0,1
1789,0,1
31441,0,0
10851,1,0
26077,0,0
27885,0,0
866,1,0
13850,0,0
8439,0,1
6027,1,0
23472,0,0
23541,0,1
15139,0,0
25151,0,0
29938,0,0
16547,0,1
849,0,0
21143,0,0
15557,0,0
27106,0,0
29952,0,0
4252,0,0
25260,0,0
23534,0,1
7129,0,0
23689,0,0
39497,1,1
39715,0,1
16045,0,0
34682,0,0
27771,0,0
26858,0,0
37889,0,1
7695,0,0
13807,0,0
1740,0,0
19551,0,0
20337,0,0
32405,1,1
12534,0,0
28150,1,1
21765,0,0
17873,0,0
1016,0,0
36693,0,0
1877,0,1
16874,0,0
27223,0,0
160,0,1
14822,0,0
14442,0,0
21812,0,0
26813,1,1
1215,0,0
12637,0,0
37578,0,0
24995,0,0
22256,0,0
2846,0,0
34508,0,0
32641,0,0
33294,0,0
35972,0,0
31597,0,0
39478,0,0
1476,0,0
29293,0,0
24973,0,1
27203,0,0
38207,0,0
20393,0,1
17584,0,0
26941,0,1
957,0,0
18051,0,0
16669,0,0
35625,0,0
11565,0,0
20432,0,0
3344,0,0
16588,0,0
32729,0,0
12458,1,1
33369,0,0
25622,0,0
123,1,0
5766,1,1
2346,1,1
7079,0,0
26617,0,0
6782,0,0
28758,0,0
12447,0,1
19039,0,1
4904,0,0
18530,1,1
17638,0,1
30904,1,1
33128,0,1
32373,0,0
15938,1,1
29489,0,0
6878,0,0
32778,0,0
28184,0,1
6121,0,0
21600,1,1
30850,0,0
26790,1,1
19972,1,1
26054,1,1
14062,0,0
2209,0,1
25368,1,0
12449,1,0
12001,0,0
31345,1,0
5186,0,0
2518,0,0
34512,0,1
11910,0,0
35768,0,0
28499,0,0
5965,0,1
2455,0,1
27369,0,1
14023,0,0
343,1,0
29975,0,0
37056,0,0
27006,0,0
27915,0,0
5215,0,0
25410,0,1
36432,0,1
31430,1,1
3201,0,0
27449,0,0
27644,0,0
29726,0,1
299,1,0
19890,0,0
34338,1,1
34145,0,0
34170,0,0
3713,0,0
5369,0,0
9046,0,0
7817,0,0
15842,0,0
1362,0,0
28191,0,1
9165,0,0
2238,0,0
15145,0,1
28376,0,1
14712,1,1
16198,0,0
33597,1,1
20037,0,0
21588,0,0
9723,0,0
12573,1,1
39189,0,0
23820,1,0
30283,1,0
32900,1,1
31391,0,0
1909,0,0
29237,0,1
10827,1,1
17313,0,0
9910,0,0
17051,0,1
24191,0,0
35388,0,0
15359,0,0
23309,1,0
2415,0,1
33844,0,0
4145,0,1
20417,1,1
32096,0,0
27090,0,0
16745,0,1
11672,0,0
27968,0,0
11385,0,1
27778,0,0
36776,0,0
38213,0,0
39624,0,1
38111,1,0
26764,0,0
20572,0,0
11161,0,0
27228,0,1
3306,0,1
3857,0,0
13828,0,1
14615,1,1
39053,0,0
7933,0,0
8024,1,1
34109,0,0
12325,0,1
36875,1,0
26767,0,1
38093,0,1
5715,0,0
36531,0,0
8890,0,1
38722,0,1
9081,0,0
30185,1,1
36583,0,1
6246,0,0
22648,0,0
21707,0,1
186,1,0
23622,0,0
29304,1,1
15095,1,0
2841,0,0
7898,0,0
25962,0,0
27874,1,1
19545,1,1
23211,0,0
28317,0,0
2478,0,1
3381,0,1
7108,0,0
13944,0,0
33639,0,1
27507,0,1
13368,0,0
37858,0,0
29714,0,1
12224,0,0
7622,0,0
6216,0,0
35034,0,0
25474,1,1
29937,0,1
973,0,0
37301,0,0
31103,0,1
26104,1,1
8368,0,0
27264,0,0
34570,0,0
24793,1,1
26517,0,0
23606,0,0
23611,0,0
8212,0,0
11494,0,0
21011,0,0
36870,0,0
35359,0,1
21017,0,0
37062,0,0
8144,0,0
18479,0,1
19386,0,0
26432,0,0
37968,0,0
12586,0,1
803,0,0
690,1,1
14840,1,0
35203,0,0
18062,0,0
21352,0,0
15650,0,0
11418,0,0
21428,0,1
25155,1,0
4091,0,1
24970,0,1
23673,0,0
26935,0,0
25041,0,0
7531,0,0
36319,0,0
10094,0,0
24221,0,0
19571,0,0
26768,0,0
15312,0,0
11106,0,1
10042,0,1
3928,0,0
13278,0,1
22192,0,0
8697,0,1
35481,0,1
10179,0,0
33217,1,1
2931,1,1
27125,0,0
20716,0,0
35883,0,0
35830,0,0
13241,0,0
32360,0,0
27324,0,0
28294,1,0
37447,0,0
10730,0,0
18825,0,0
33418,0,0
13345,0,0
23805,0,0
18067,1,1
23362,1,0
9442,0,0
31429,1,1
20453,0,0
20173,0,1
18828,0,0
16004,0,0
2403,0,1
26595,0,0
36323,0,1
15020,1,0
32684,0,0
33261,0,0
28161,0,1
30394,1,1
30034,0,0
9195,1,1
14209,0,1
24271,0,1
35499,0,0
2328,0,0
13966,0,0
35351,0,0
26903,0,1
7825,0,0
35610,0,0
22771,0,0
17576,0,1
18408,0,0
38944,0,0
37848,0,0
31359,0,0
18226,1,1
21507,0,0
10096,0,0
33575,1,0
37576,0,1
23125,0,0
4468,0,0
15855,1,1
39260,0,0
8488,0,0
39294,0,0
4838,0,0
12030,0,1
21452,0,0
13057,1,1
28019,1,1
29847,0,1
31628,0,0
30526,0,0
17880,0,1
4355,0,0
39007,0,0
22646,0,0
14460,0,0
38762,0,1
13969,0,1
23623,0,0
90,1,1
2003,0,1
15593,0,0
2900,1,0
24568,1,0
23046,0,0
1490,0,0
573,0,0
2443,1,1
14237,0,0
3879,0,0
11507,0,0
26450,0,0
30646,0,0
18626,1,0
2597,0,1
38681,0,0
14426,0,1
31745,0,1
20765,0,0
35017,0,0
20530,1,0
7185,0,0
271,1,0
26950,0,0
31673,0,0
1730,1,1
29155,0,0
10970,0,0
574,0,1
19860,1,0
2125,0,1
6751,0,1
23425,0,0
10246,0,0
21422,0,0
19703,0,0
5063,0,0
27341,0,0
8341,0,0
19320,0,0
14593,0,0
36188,0,0
36781,0,0
4287,0,0
2279,0,0
7284,1,0
18999,0,0
8473,0,0
25149,0,0
24081,0,0
33442,1,0
22040,0,0
23732,0,0
21581,0,0
36117,0,1
38136,0,0
14179,0,0
5123,0,0
54,0,1
6182,0,1
24668,0,0
32263,0,0
16878,0,0
16642,0,0
24208,1,0
18124,0,0
29814,0,1
27384,0,0
10258,1,1
20182,0,0
36761,1,1
9633,0,0
8157,0,1
22031,0,0
9521,1,1
27020,0,0
16672,0,0
35560,0,0
19220,0,0
4103,0,0
24589,1,1
2172,0,0
37430,0,0
36769,1,1
14152,1,0
13961,0,1
23345,0,0
83,1,1
11085,0,0
1010,0,0
17659,0,0
27387,1,0
16371,0,1
12832,0,1
39881,0,0
31290,0,1
35655,0,0
22889,0,0
10714,0,0
26109,0,0
2879,0,0
39685,0,0
16013,1,1
21181,0,0
25059,1,1
20305,0,0
29682,1,0
9153,0,0
6457,1,0
24391,0,0
22286,1,0
21125,0,0
20276,0,1
3051,0,0
13903,0,0
21354,0,0
13510,0,0
7210,0,0
2979,1,1
30445,0,0
39237,0,0
6808,0,0
38515,0,0
32947,0,0
21383,0,0
3041,0,0
36642,1,0
34490,1,0
10349,1,1
23185,0,0
16590,0,0
3685,0,0
21372,0,0
25529,0,0
39381,1,0
5033,0,0
12295,1,1
38811,1,0
20083,0,0
19447,0,0
2322,0,0
20293,0,0
5567,0,0
24625,0,0
24951,0,0
12621,0,0
10652,0,0
26811,0,0
32201,1,1
22601,0,1
33337,0,0
29580,1,0
8653,1,1
2468,0,0
29454,0,0
3838,0,1
19374,1,1
24051,0,0
33596,0,0
5506,0,0
15528,1,1
39161,0,0
23202,0,0
4634,0,0
22093,0,0
38128,0,0
23294,1,0
18432,0,0
30842,0,0
7090,0,0
5015,0,1
8629,0,0
38957,0,0
16067,1,0
7631,0,0
20143,0,0
8338,1,0
6064,0,0
17200,1,1
13364,1,1
16560,0,0
19071,0,0
2361,0,0
17050,0,0
23018,0,0
39606,0,0
34812,1,1
13420,1,1
36856,0,0
15277,1,1
22198,0,0
8472,0,0
30392,0,0
12161,0,0
4586,0,1
27961,1,1
5549,0,1
36556,0,0
30838,0,0
25349,0,1
13689,0,0
10879,1,0
18013,0,0
6581,0,1
31020,0,0
9505,0,0
37411,0,0
24275,0,0
29196,0,0
1421,0,0
428,0,1
18777,0,0
20850,0,1
10288,0,0
22013,0,0
36943,1,0
33551,0,0
17238,0,1
24021,0,0
22222,1,1
37039,0,0
37115,0,0
33345,0,0
9100,0,0
14431,0,0
23502,0,0
1531,0,0
30555,0,0
32471,0,0
35022,0,0
7311,0,0
6970,1,1
28864,0,0
30924,1,1
25309,0,1
29906,0,0
21049,0,0
5375,0,0
15544,0,0
13188,1,0
18843,0,1
24717,1,0
37868,0,0
1206,1,1
23034,0,1
29020,0,1
16457,0,0
39326,1,0
29317,0,0
2739,0,0
1946,0,0
11184,0,0
15834,0,0
19932,1,1
3252,0,0
22190,0,0
37162,0,0
166,1,0
30121,1,0
24527,1,0
13574,0,0
30479,0,0
11330,0,1
14122,0,0
9186,0,0
27730,1,0
6040,0,0
33316,1,1
14422,0,0
11622,0,0
16068,0,1
7026,0,0
3120,0,0
13015,0,0
17662,0,0
4844,0,1
39209,0,0
12807,0,0
32663,1,0
24393,0,0
10223,0,1
34254,0,0
22816,0,0
5775,0,0
23312,0,0
25375,0,0
32388,0,0
32111,0,1
209,0,0
16712,0,0
14809,0,0
38306,0,0
24735,0,0
21512,0,1
4222,0,1
15308,0,0
36460,0,1
33272,0,0
27490,0,0
864,1,0
25557,0,0
36335,0,0
13602,1,1
5642,0,0
12800,0,0
17084,0,0
8904,0,0
28013,0,0
10993,0,0
23179,0,0
24840,0,0
26703,0,1
4950,0,1
15321,1,0
926,0,0
1870,0,0
21043,0,0
34650,0,0
23566,0,0
30277,0,1
12036,0,0
33268,0,0
24175,0,0
23460,0,0
14215,0,0
6929,0,0
16026,1,1
22384,1,0
20700,0,0
12826,0,0
11433,0,1
29500,1,0
17424,0,0
31243,0,0
7429,0,0
37369,0,0
11568,0,1
6811,0,0
26097,0,1
25414,0,0
28170,0,0
10137,0,0
37121,0,0
28556,0,1
9747,1,1
12032,0,1
9057,0,0
32620,0,0
11052,0,0
35226,0,1
18568,0,1
20906,0,1
9699,0,1
39616,0,0
18980,0,0
35782,0,0
17888,0,0
16932,0,1
16977,0,1
37108,1,1
35792,0,1
21060,0,0
1229,0,0
39383,0,1
39014,1,1
35518,0,0
3310,1,0
18450,0,0
3088,0,0
15363,0,0
27057,0,0
3013,0,0
14854,0,0
7859,0,0
8779,0,1
22833,1,0
34099,0,0
3176,1,1
11192,1,0
17676,0,0
12363,0,0
11743,0,0
14077,0,1
35689,0,0
30752,0,0
20001,0,0
4383,1,1
21780,0,1
9519,0,1
24854,0,1
3639,0,0
24851,0,0
1592,0,1
25211,1,0
21172,0,0
36818,1,1
23401,1,1
2182,0,0
20351,0,0
4880,0,0
32667,0,0
8941,0,0
27328,0,0
5016,1,1
22963,1,0
12007,0,0
4352,0,1
32568,0,0
69,1,0
18310,0,0
14655,1,0
29935,0,0
3467,0,0
33858,0,0
30374,0,0
17590,0,0
20668,0,0
21513,0,1
3555,0,0
3870,0,0
21093,0,0
37838,0,0
27624,0,1
5614,0,1
22883,0,0
23871,0,1
19611,1,0
15731,0,0
18925,0,1
34862,1,0
18084,0,0
26782,1,1
37870,0,1
35435,0,1
5311,1,0
35863,0,0
694,0,1
11317,1,1
18294,0,0
19096,0,0
30635,0,0
23609,0,1
5278,0,0
17649,0,0
2387,0,0
17095,0,0
24940,0,0
611,0,0
2139,0,0
25522,0,0
11719,0,0
18746,0,0
24482,1,1
37996,0,1
10722,1,0
4787,0,0
33493,0,0
14520,0,0
25908,0,0
9311,1,1
6285,0,0
7172,1,0
26572,0,0
5136,0,0
37395,1,1
25684,1,1
6851,0,0
3153,1,1
25553,1,0
23322,0,0
18233,1,1
33378,1,0
26898,0,0
25639,0,0
24182,0,0
188,0,0
15081,1,0
36,0,1
27515,0,0
4412,0,0
16606,1,0
24143,0,0
26546,1,1
36849,0,0
32489,1,1
29457,0,0
32073,0,1
20784,0,0
7956,1,1
33675,0,0
5598,1,1
20350,0,0
15737,0,1
31096,0,0
18204,1,1
34456,0,1
25966,1,0
18248,0,0
6360,0,0
14661,0,0
33506,0,0
6418,1,1
16752,0,1
32547,0,0
17193,0,0
18523,1,1
5357,0,1
15338,0,0
19253,0,0
24987,0,0
32328,0,0
21598,1,0
